asiento_id,usuario_id,fecha_hora,estado
750,491,2025-01-06 04:36:26,cancelada
929,699,2025-03-28 15:19:06,cancelada
30,681,2025-01-25 20:39:49,confirmada
891,639,2025-02-17 18:14:28,cancelada
988,596,2025-01-24 18:13:28,activa
553,967,2025-03-19 02:43:28,confirmada
787,605,2025-03-04 10:19:18,cancelada
993,853,2025-01-06 10:59:57,activa
70,997,2025-02-19 18:06:36,activa
132,130,2025-01-12 15:40:01,cancelada
693,436,2025-01-23 08:07:49,activa
749,202,2025-02-02 02:33:51,activa
738,908,2025-02-22 13:25:54,cancelada
595,113,2025-01-27 21:09:57,cancelada
752,255,2025-01-30 22:35:47,activa
810,506,2025-02-02 13:39:23,confirmada
779,995,2025-02-15 15:32:58,cancelada
557,878,2025-03-27 06:06:07,confirmada
411,114,2025-03-30 21:55:47,cancelada
514,656,2025-02-02 01:16:21,cancelada
699,925,2025-02-16 16:59:44,activa
667,203,2025-01-11 23:14:06,cancelada
782,284,2025-03-30 22:45:30,cancelada
177,441,2025-02-10 05:22:59,cancelada
177,116,2025-02-09 13:01:45,activa
289,643,2025-03-24 02:46:51,confirmada
205,298,2025-03-19 02:52:41,cancelada
931,95,2025-03-13 07:28:48,cancelada
413,400,2025-03-01 21:48:52,confirmada
825,293,2025-02-24 21:13:33,cancelada
813,188,2025-03-26 02:45:07,cancelada
27,974,2025-01-23 15:21:34,activa
62,826,2025-02-04 18:06:13,confirmada
891,652,2025-03-04 22:20:10,activa
248,290,2025-01-06 08:52:12,cancelada
718,360,2025-03-09 03:58:37,confirmada
37,803,2025-03-01 21:25:27,cancelada
125,825,2025-03-17 07:58:12,activa
450,159,2025-02-27 07:18:32,cancelada
201,235,2025-02-25 08:24:46,cancelada
111,399,2025-02-13 10:33:25,confirmada
782,158,2025-02-25 09:50:52,activa
877,810,2025-03-22 06:12:35,confirmada
647,340,2025-03-21 20:23:44,activa
474,515,2025-01-15 14:17:22,activa
835,10,2025-02-01 15:03:28,activa
903,777,2025-02-25 03:31:34,confirmada
404,192,2025-02-07 11:21:49,activa
367,518,2025-02-20 03:56:51,activa
891,335,2025-03-17 04:07:48,confirmada
250,31,2025-03-24 21:51:54,cancelada
357,955,2025-03-21 20:23:10,activa
676,655,2025-03-29 01:15:24,activa
639,279,2025-03-14 23:05:12,cancelada
871,875,2025-01-12 22:37:27,cancelada
58,834,2025-02-14 17:57:37,activa
37,470,2025-03-20 23:24:15,confirmada
699,84,2025-03-19 22:35:51,cancelada
225,144,2025-03-19 23:43:49,cancelada
253,535,2025-01-04 19:47:56,activa
141,768,2025-01-30 22:50:53,confirmada
825,238,2025-03-09 10:30:57,confirmada
51,861,2025-01-10 18:52:36,confirmada
762,692,2025-03-21 14:47:03,confirmada
602,621,2025-02-15 10:00:21,cancelada
159,429,2025-01-09 05:19:03,cancelada
836,413,2025-02-27 18:52:20,confirmada
614,99,2025-02-02 06:39:21,confirmada
553,140,2025-03-18 13:21:00,activa
200,594,2025-02-13 14:52:34,activa
688,946,2025-03-01 01:55:00,confirmada
993,156,2025-01-24 23:37:00,confirmada
914,978,2025-03-18 07:28:58,confirmada
910,387,2025-02-19 03:55:23,activa
619,124,2025-03-08 18:44:00,confirmada
653,812,2025-01-27 04:12:16,confirmada
274,945,2025-02-25 21:58:04,cancelada
520,51,2025-03-26 05:09:45,cancelada
694,863,2025-02-17 13:18:47,confirmada
625,812,2025-02-13 06:16:36,cancelada
797,376,2025-03-16 15:47:02,confirmada
194,270,2025-03-07 09:20:19,cancelada
200,642,2025-02-09 04:49:41,activa
286,7,2025-03-15 01:43:41,cancelada
285,555,2025-03-22 19:37:08,confirmada
188,559,2025-02-26 13:31:42,confirmada
137,310,2025-01-11 00:34:22,activa
474,627,2025-02-28 17:23:50,confirmada
139,63,2025-01-04 16:42:48,activa
542,591,2025-02-24 14:25:59,confirmada
392,930,2025-03-17 10:20:53,cancelada
171,793,2025-01-17 23:10:19,confirmada
320,724,2025-01-08 05:41:48,cancelada
311,971,2025-01-23 14:59:35,confirmada
98,968,2025-03-19 04:43:05,cancelada
545,542,2025-03-22 15:30:04,confirmada
917,230,2025-03-25 23:49:07,activa
764,365,2025-03-26 16:24:47,cancelada
659,956,2025-03-12 12:22:07,activa
655,403,2025-03-28 13:50:40,confirmada
333,865,2025-03-22 05:35:09,cancelada
253,510,2025-03-11 12:43:55,cancelada
389,255,2025-04-03 08:11:51,confirmada
829,638,2025-02-07 22:15:38,cancelada
266,300,2025-03-29 08:40:48,confirmada
533,498,2025-01-03 07:12:29,cancelada
601,698,2025-01-15 08:30:09,activa
560,58,2025-01-21 09:57:23,cancelada
887,733,2025-02-11 23:13:30,activa
754,348,2025-02-05 04:45:17,activa
610,32,2025-02-15 18:45:57,cancelada
514,829,2025-01-28 18:08:33,activa
382,758,2025-01-29 06:20:14,confirmada
667,633,2025-03-20 06:19:03,cancelada
443,422,2025-02-02 00:12:12,cancelada
703,913,2025-03-30 05:59:50,activa
823,435,2025-01-09 10:27:13,cancelada
497,563,2025-01-22 03:21:37,confirmada
878,54,2025-02-13 11:26:48,cancelada
631,985,2025-01-30 07:48:45,confirmada
490,514,2025-03-25 20:15:37,activa
803,349,2025-01-27 07:13:30,confirmada
5,292,2025-03-07 16:20:11,cancelada
392,727,2025-02-26 15:06:27,activa
965,477,2025-02-15 03:29:55,activa
511,462,2025-03-03 03:54:46,cancelada
744,527,2025-01-11 08:19:04,confirmada
255,142,2025-02-08 02:58:18,activa
662,108,2025-03-19 00:37:49,activa
126,936,2025-02-03 21:56:58,activa
50,710,2025-03-03 20:54:36,cancelada
74,249,2025-01-14 15:30:27,confirmada
783,994,2025-01-29 18:19:18,confirmada
549,945,2025-03-05 14:18:07,activa
913,700,2025-01-31 03:24:42,cancelada
547,188,2025-02-12 19:54:27,cancelada
976,771,2025-01-05 01:15:47,activa
983,191,2025-02-14 16:43:35,cancelada
491,317,2025-03-07 15:04:12,cancelada
736,191,2025-02-21 19:56:12,activa
137,308,2025-01-07 01:53:06,confirmada
873,424,2025-03-25 02:49:27,activa
162,298,2025-02-07 18:10:10,cancelada
462,462,2025-01-05 22:12:16,cancelada
96,141,2025-03-30 07:32:03,confirmada
172,170,2025-02-06 07:05:19,activa
418,133,2025-03-09 10:13:52,activa
793,689,2025-02-16 03:48:38,confirmada
195,658,2025-02-02 12:28:20,cancelada
367,560,2025-03-05 17:04:11,activa
618,446,2025-01-15 16:23:50,cancelada
694,50,2025-03-07 18:38:01,confirmada
714,992,2025-03-25 20:09:29,confirmada
138,550,2025-01-07 18:02:58,confirmada
794,176,2025-02-15 15:49:39,confirmada
817,949,2025-03-22 10:15:57,cancelada
912,952,2025-01-20 00:53:36,activa
91,406,2025-03-02 00:01:43,cancelada
397,626,2025-03-13 23:08:14,cancelada
542,973,2025-03-26 02:08:06,cancelada
959,425,2025-04-03 03:49:47,cancelada
893,185,2025-01-28 12:56:58,confirmada
314,906,2025-04-03 17:01:39,activa
756,408,2025-02-19 07:29:00,confirmada
397,940,2025-01-13 13:06:38,cancelada
232,356,2025-02-05 21:15:21,activa
620,701,2025-02-28 09:08:14,activa
296,945,2025-02-01 23:52:05,confirmada
473,436,2025-01-12 08:50:15,cancelada
52,595,2025-01-19 18:32:42,cancelada
777,494,2025-02-28 10:36:28,activa
226,911,2025-03-19 03:00:23,cancelada
454,851,2025-03-03 22:49:34,confirmada
52,548,2025-03-31 18:01:27,activa
604,353,2025-02-25 06:48:13,confirmada
155,649,2025-03-11 04:27:24,activa
691,411,2025-01-29 15:26:22,activa
261,729,2025-02-01 06:16:41,cancelada
483,207,2025-01-27 02:42:09,confirmada
536,579,2025-01-13 11:19:35,confirmada
667,371,2025-01-12 06:18:48,cancelada
660,494,2025-02-28 16:24:17,cancelada
447,4,2025-03-24 15:10:33,cancelada
20,577,2025-03-27 04:27:19,confirmada
147,259,2025-03-21 12:08:16,cancelada
287,355,2025-03-25 19:28:07,activa
793,149,2025-04-03 18:50:07,activa
689,445,2025-02-21 13:14:51,confirmada
632,851,2025-02-17 19:55:39,confirmada
180,984,2025-03-15 10:58:45,cancelada
731,485,2025-03-23 10:34:19,activa
649,467,2025-01-08 20:54:51,confirmada
269,904,2025-01-04 09:12:25,confirmada
579,89,2025-01-07 01:10:44,activa
980,29,2025-02-27 15:39:33,activa
666,672,2025-02-21 11:24:00,confirmada
909,861,2025-01-27 22:39:25,confirmada
93,502,2025-01-18 08:19:42,cancelada
894,555,2025-02-06 10:09:51,activa
217,733,2025-01-31 00:04:02,cancelada
600,479,2025-02-27 10:13:45,confirmada
549,800,2025-02-13 08:18:13,cancelada
647,140,2025-03-04 07:53:19,cancelada
196,728,2025-04-04 03:58:39,cancelada
494,884,2025-01-29 21:07:56,cancelada
509,607,2025-03-22 21:49:52,cancelada
35,303,2025-03-19 18:05:25,cancelada
44,418,2025-03-10 06:36:19,confirmada
652,118,2025-01-04 03:03:35,cancelada
447,28,2025-02-04 12:39:37,confirmada
237,288,2025-01-30 07:57:59,cancelada
971,841,2025-02-17 19:25:41,activa
649,567,2025-01-13 07:52:20,confirmada
56,350,2025-01-08 16:06:56,cancelada
139,455,2025-02-28 20:30:27,cancelada
362,269,2025-03-31 08:35:20,confirmada
366,863,2025-02-07 11:35:10,cancelada
873,87,2025-02-22 16:56:29,cancelada
369,147,2025-04-01 14:17:33,activa
737,216,2025-01-26 23:34:13,confirmada
758,266,2025-01-08 06:55:36,cancelada
371,619,2025-02-25 22:27:04,confirmada
245,492,2025-02-16 23:30:37,cancelada
638,139,2025-01-06 01:13:29,cancelada
867,663,2025-02-05 01:06:20,confirmada
34,707,2025-03-07 16:49:50,activa
670,193,2025-01-04 00:48:10,activa
456,11,2025-03-24 12:02:16,confirmada
324,971,2025-03-25 11:29:34,cancelada
616,572,2025-01-09 05:13:32,confirmada
375,796,2025-03-17 12:01:02,confirmada
448,56,2025-02-03 13:42:36,cancelada
22,931,2025-03-29 21:18:35,cancelada
376,528,2025-01-23 14:46:21,confirmada
46,933,2025-02-03 22:51:07,activa
641,372,2025-03-14 05:47:20,activa
14,269,2025-01-08 16:12:01,activa
301,518,2025-01-17 03:46:19,confirmada
801,586,2025-02-17 07:19:51,confirmada
11,954,2025-03-10 15:05:11,confirmada
324,732,2025-02-23 15:49:26,activa
512,514,2025-01-17 05:46:56,confirmada
565,693,2025-01-31 23:54:02,confirmada
936,137,2025-02-27 19:39:00,cancelada
588,366,2025-02-19 08:41:53,activa
307,233,2025-04-04 06:02:35,cancelada
964,270,2025-01-21 23:33:24,cancelada
209,562,2025-01-26 00:19:45,confirmada
764,563,2025-01-02 19:44:47,activa
975,236,2025-01-02 11:25:54,cancelada
352,766,2025-01-15 19:39:21,confirmada
757,998,2025-03-27 04:21:22,activa
310,561,2025-01-31 03:59:10,cancelada
131,231,2025-01-11 04:41:33,confirmada
888,561,2025-01-05 22:08:53,cancelada
815,902,2025-02-04 04:36:41,cancelada
52,228,2025-01-24 05:26:21,cancelada
54,627,2025-04-02 03:24:46,activa
608,514,2025-01-10 15:12:16,activa
786,82,2025-01-03 07:59:28,cancelada
8,504,2025-03-14 10:27:45,confirmada
752,773,2025-02-21 22:30:21,confirmada
665,533,2025-04-03 06:11:44,activa
481,753,2025-03-11 13:30:44,cancelada
912,484,2025-03-15 21:16:23,activa
612,431,2025-03-20 12:44:59,activa
868,131,2025-01-15 01:51:56,activa
437,30,2025-02-25 22:38:45,confirmada
630,731,2025-03-08 02:10:00,activa
633,15,2025-03-22 08:47:16,cancelada
761,306,2025-01-24 06:31:21,activa
560,677,2025-01-13 11:36:52,confirmada
100,838,2025-03-15 06:50:38,activa
223,205,2025-01-26 19:07:59,confirmada
739,1,2025-01-01 12:07:59,activa
592,481,2025-03-04 10:16:48,activa
790,73,2025-02-02 04:08:16,confirmada
644,552,2025-01-23 00:09:27,activa
618,379,2025-01-08 18:39:20,activa
354,329,2025-03-08 01:58:52,cancelada
751,393,2025-02-24 01:11:19,cancelada
328,632,2025-02-13 22:27:22,cancelada
174,545,2025-01-16 09:48:55,cancelada
268,507,2025-02-23 08:08:17,activa
162,580,2025-01-25 10:24:38,activa
555,572,2025-03-29 07:08:58,confirmada
532,320,2025-01-21 09:51:13,confirmada
668,391,2025-02-04 09:03:26,confirmada
81,678,2025-04-04 23:21:25,activa
893,587,2025-03-23 05:18:52,cancelada
153,224,2025-02-01 21:56:40,activa
657,126,2025-03-03 09:59:22,activa
585,927,2025-01-09 22:29:38,confirmada
347,374,2025-03-26 09:25:50,cancelada
596,299,2025-01-06 15:17:31,activa
888,463,2025-03-07 10:41:32,confirmada
229,999,2025-02-20 03:22:09,cancelada
329,528,2025-03-12 00:40:29,confirmada
812,455,2025-03-09 20:23:12,cancelada
118,601,2025-03-11 11:55:27,cancelada
208,949,2025-03-18 03:07:12,cancelada
508,84,2025-02-11 17:28:41,activa
532,324,2025-01-26 08:16:31,confirmada
718,449,2025-02-11 12:07:48,cancelada
158,983,2025-03-29 21:45:46,activa
676,892,2025-02-25 06:05:27,cancelada
860,60,2025-03-07 17:47:49,cancelada
858,919,2025-02-04 15:24:18,confirmada
263,23,2025-03-15 03:50:52,activa
745,42,2025-02-11 09:29:10,confirmada
481,677,2025-03-16 15:40:10,cancelada
181,258,2025-02-09 06:03:54,activa
910,288,2025-01-31 12:41:54,confirmada
380,435,2025-01-15 22:09:54,confirmada
589,308,2025-02-18 07:10:37,cancelada
659,866,2025-03-09 00:43:09,activa
808,966,2025-03-20 23:02:14,cancelada
284,712,2025-01-15 14:11:06,confirmada
711,294,2025-01-17 18:53:31,activa
925,476,2025-01-13 02:54:44,activa
722,114,2025-03-03 10:06:36,confirmada
554,82,2025-01-20 03:10:56,confirmada
478,669,2025-03-07 05:36:51,confirmada
57,277,2025-02-01 10:05:23,activa
319,744,2025-03-06 06:11:24,confirmada
900,795,2025-01-31 07:45:30,activa
569,677,2025-03-24 18:49:36,activa
938,300,2025-01-10 02:24:15,activa
302,452,2025-03-12 20:40:48,cancelada
884,725,2025-03-25 14:41:58,confirmada
227,209,2025-01-05 15:03:25,cancelada
748,27,2025-01-18 23:48:22,activa
789,446,2025-03-31 04:49:40,confirmada
916,689,2025-01-31 05:01:53,confirmada
548,339,2025-01-12 06:32:19,cancelada
828,949,2025-01-30 12:41:21,confirmada
262,757,2025-03-27 19:41:47,cancelada
820,630,2025-02-11 09:35:15,confirmada
780,333,2025-01-14 13:03:20,cancelada
550,373,2025-01-30 01:36:52,cancelada
8,133,2025-01-29 12:10:19,cancelada
812,231,2025-03-25 16:31:43,cancelada
101,714,2025-03-03 05:15:28,cancelada
783,774,2025-03-03 07:59:44,cancelada
133,292,2025-01-26 07:51:50,activa
821,425,2025-01-14 13:14:39,activa
838,501,2025-02-14 05:51:20,activa
566,9,2025-01-27 14:31:58,confirmada
790,629,2025-03-20 13:39:31,confirmada
351,617,2025-01-28 05:13:43,confirmada
478,294,2025-03-20 20:07:09,cancelada
914,483,2025-03-15 12:18:19,cancelada
937,292,2025-01-16 10:23:55,cancelada
444,572,2025-01-27 10:17:38,activa
763,160,2025-02-21 11:24:49,confirmada
555,26,2025-03-19 13:18:24,activa
26,674,2025-03-10 12:16:44,confirmada
928,365,2025-02-13 19:37:00,activa
811,870,2025-01-31 16:15:09,confirmada
580,40,2025-01-01 19:13:26,activa
529,543,2025-01-04 23:29:45,cancelada
571,152,2025-01-19 02:57:37,activa
363,65,2025-03-22 12:06:12,cancelada
104,596,2025-02-14 14:46:44,cancelada
824,727,2025-02-12 14:02:41,confirmada
843,323,2025-01-10 23:52:01,activa
742,256,2025-02-24 11:17:27,cancelada
34,24,2025-01-29 23:18:38,cancelada
600,464,2025-01-07 17:27:59,confirmada
101,96,2025-02-17 01:20:35,confirmada
835,50,2025-02-08 01:50:29,confirmada
422,691,2025-01-26 03:47:36,activa
578,916,2025-02-17 22:07:54,cancelada
419,692,2025-01-13 06:15:40,confirmada
475,962,2025-03-23 09:17:32,confirmada
301,83,2025-01-22 20:37:32,confirmada
950,685,2025-03-13 04:43:25,activa
545,12,2025-01-25 01:13:43,confirmada
544,150,2025-02-11 21:56:15,confirmada
29,452,2025-03-14 11:03:05,cancelada
415,162,2025-02-09 17:51:37,cancelada
480,716,2025-01-26 17:08:15,cancelada
21,335,2025-03-14 07:08:56,cancelada
541,22,2025-03-02 05:11:46,activa
323,920,2025-01-25 06:20:12,confirmada
795,250,2025-01-03 06:13:49,confirmada
186,67,2025-03-20 17:53:31,activa
250,300,2025-03-20 19:04:42,confirmada
759,340,2025-01-23 21:10:31,confirmada
869,456,2025-03-19 04:59:15,cancelada
602,342,2025-03-02 04:56:56,confirmada
204,610,2025-01-14 01:22:40,activa
761,647,2025-01-30 07:29:45,activa
64,575,2025-03-16 21:10:56,cancelada
556,301,2025-02-12 12:13:42,cancelada
987,222,2025-02-05 10:13:31,confirmada
832,38,2025-03-14 21:26:43,activa
323,379,2025-03-10 13:05:31,confirmada
335,18,2025-03-02 09:36:28,activa
168,741,2025-03-17 00:37:52,activa
98,668,2025-02-27 06:58:07,confirmada
385,886,2025-01-06 05:33:46,confirmada
197,32,2025-01-02 12:04:01,cancelada
206,895,2025-02-06 09:01:41,cancelada
549,905,2025-03-17 15:20:50,confirmada
979,334,2025-02-09 02:27:26,cancelada
525,21,2025-01-11 21:19:36,confirmada
300,85,2025-03-17 21:14:31,activa
128,180,2025-02-25 15:02:50,activa
214,711,2025-02-23 15:49:37,confirmada
165,803,2025-02-02 11:57:45,confirmada
698,222,2025-01-30 01:46:45,confirmada
405,486,2025-01-07 21:26:14,cancelada
923,210,2025-02-14 08:46:48,cancelada
421,911,2025-02-28 05:48:01,cancelada
852,833,2025-03-05 12:13:07,confirmada
938,692,2025-03-21 15:39:38,confirmada
955,674,2025-02-08 22:47:40,activa
546,690,2025-03-27 12:13:53,activa
6,695,2025-03-19 03:44:38,confirmada
231,251,2025-03-07 04:52:50,activa
536,458,2025-02-08 11:53:11,cancelada
933,604,2025-03-30 08:07:20,activa
370,368,2025-01-06 22:39:02,confirmada
722,560,2025-03-12 22:26:52,cancelada
405,808,2025-03-12 21:24:14,confirmada
457,118,2025-01-19 00:54:10,cancelada
822,965,2025-03-29 21:35:48,confirmada
474,853,2025-01-22 04:36:15,activa
555,484,2025-03-05 04:41:06,activa
49,973,2025-01-04 14:48:44,cancelada
842,590,2025-03-20 05:49:24,cancelada
509,179,2025-01-13 00:52:51,cancelada
756,824,2025-01-31 01:49:47,confirmada
890,332,2025-01-14 05:02:45,activa
90,230,2025-03-30 04:27:39,cancelada
365,117,2025-02-20 04:22:01,cancelada
263,981,2025-02-02 15:07:10,cancelada
518,836,2025-01-20 08:58:23,activa
436,749,2025-02-22 01:51:31,cancelada
968,783,2025-01-02 09:01:12,activa
106,1,2025-03-20 09:51:02,activa
647,664,2025-03-10 12:11:15,cancelada
611,732,2025-02-21 22:22:27,activa
474,900,2025-03-16 08:10:16,activa
531,663,2025-04-03 13:17:18,confirmada
572,844,2025-03-24 09:16:44,confirmada
215,573,2025-03-20 17:28:30,activa
757,100,2025-03-14 00:40:54,activa
103,700,2025-02-06 18:47:21,confirmada
1003,53,2025-01-22 23:25:23,cancelada
608,882,2025-02-22 07:21:07,activa
383,491,2025-03-22 03:50:43,confirmada
57,506,2025-02-27 19:15:57,cancelada
833,26,2025-02-01 20:42:12,cancelada
702,669,2025-02-24 10:04:36,confirmada
813,330,2025-01-18 13:29:02,activa
454,783,2025-02-13 19:11:55,confirmada
928,103,2025-03-03 19:06:39,cancelada
566,318,2025-01-31 21:13:49,confirmada
987,666,2025-02-22 10:55:44,activa
363,247,2025-03-03 01:24:58,activa
830,854,2025-03-28 06:59:08,confirmada
8,167,2025-03-30 22:47:25,activa
130,521,2025-03-23 23:24:55,activa
482,949,2025-02-21 09:50:24,cancelada
274,278,2025-02-03 06:09:41,cancelada
106,972,2025-04-04 05:01:45,activa
425,766,2025-01-18 23:00:59,confirmada
786,556,2025-02-06 12:24:31,confirmada
108,216,2025-02-08 07:16:54,confirmada
748,617,2025-03-08 14:43:41,confirmada
790,826,2025-01-11 11:27:26,confirmada
219,743,2025-03-14 09:57:33,activa
132,260,2025-02-27 04:58:20,activa
831,130,2025-02-01 07:15:00,activa
742,467,2025-01-17 13:22:46,confirmada
700,450,2025-01-20 14:25:50,activa
973,512,2025-02-25 11:17:33,activa
30,584,2025-03-27 11:44:18,cancelada
206,416,2025-03-10 01:50:41,confirmada
774,255,2025-01-26 00:52:56,cancelada
975,819,2025-02-25 11:24:19,activa
63,416,2025-01-06 20:57:23,activa
789,512,2025-02-24 20:58:21,cancelada
851,269,2025-02-08 23:32:40,activa
739,911,2025-02-05 14:41:04,confirmada
361,412,2025-03-29 18:32:35,confirmada
787,892,2025-03-20 08:37:17,confirmada
494,223,2025-03-24 08:24:20,activa
552,553,2025-02-12 18:27:10,activa
129,791,2025-02-14 08:49:48,activa
285,54,2025-02-19 10:41:44,cancelada
404,129,2025-01-27 10:48:50,activa
690,942,2025-02-07 01:41:18,activa
761,605,2025-02-02 00:52:50,activa
980,870,2025-01-03 12:27:40,activa
661,777,2025-01-10 15:35:38,cancelada
601,65,2025-01-07 13:31:14,cancelada
492,936,2025-01-25 17:08:32,confirmada
571,979,2025-02-26 15:27:55,cancelada
623,364,2025-01-04 06:13:35,activa
836,863,2025-01-27 22:47:14,cancelada
41,438,2025-01-23 18:17:40,activa
1003,916,2025-01-31 13:16:35,confirmada
477,18,2025-03-15 13:43:51,confirmada
919,819,2025-03-03 19:32:22,confirmada
940,567,2025-02-11 01:17:34,activa
446,823,2025-03-07 21:07:08,activa
732,49,2025-01-25 19:49:41,activa
189,912,2025-03-11 00:48:16,activa
258,694,2025-01-05 06:10:37,activa
578,632,2025-03-02 20:51:00,confirmada
352,448,2025-01-10 19:04:05,cancelada
559,976,2025-02-05 03:23:14,confirmada
184,758,2025-01-28 22:19:44,cancelada
566,893,2025-01-03 17:01:47,confirmada
376,21,2025-01-08 20:02:07,confirmada
915,917,2025-03-03 10:13:33,activa
73,659,2025-04-04 04:15:55,confirmada
160,735,2025-04-03 04:10:29,activa
220,803,2025-01-20 00:07:08,confirmada
978,833,2025-01-24 13:00:12,cancelada
49,823,2025-01-21 19:21:15,cancelada
405,204,2025-02-06 01:34:45,confirmada
356,476,2025-03-22 16:51:11,activa
8,380,2025-02-05 00:26:24,confirmada
203,913,2025-02-13 09:33:31,confirmada
883,665,2025-02-19 14:14:41,activa
280,740,2025-03-29 22:04:08,cancelada
961,363,2025-02-15 02:08:06,cancelada
212,914,2025-02-09 03:18:23,confirmada
352,155,2025-03-02 04:07:58,confirmada
402,930,2025-03-24 23:00:03,cancelada
688,495,2025-02-28 19:45:18,activa
731,633,2025-02-14 06:39:12,cancelada
333,171,2025-01-10 13:07:57,cancelada
936,187,2025-03-17 16:12:23,activa
74,650,2025-02-28 01:58:04,activa
947,212,2025-02-16 16:14:22,confirmada
198,233,2025-02-01 10:28:42,cancelada
381,105,2025-01-16 03:44:31,activa
671,941,2025-02-25 17:16:02,activa
920,688,2025-02-16 03:31:26,cancelada
862,79,2025-01-27 10:07:16,cancelada
273,399,2025-02-28 23:20:44,confirmada
934,361,2025-03-09 07:46:00,confirmada
747,470,2025-03-18 16:23:47,confirmada
38,97,2025-02-05 22:34:08,confirmada
187,769,2025-03-06 03:51:36,cancelada
854,372,2025-02-25 13:50:35,confirmada
975,224,2025-01-24 13:37:09,confirmada
616,39,2025-01-02 12:18:45,confirmada
814,949,2025-03-24 06:15:39,cancelada
464,518,2025-01-08 23:37:51,confirmada
799,178,2025-03-24 09:37:25,activa
811,645,2025-02-07 09:53:19,activa
934,857,2025-02-18 12:19:15,activa
816,278,2025-03-24 19:59:52,cancelada
968,261,2025-01-07 08:55:32,activa
175,676,2025-02-24 09:36:56,cancelada
546,612,2025-03-04 11:38:02,confirmada
782,696,2025-01-29 21:40:44,activa
979,494,2025-02-09 21:13:14,activa
935,894,2025-04-03 08:48:41,confirmada
17,453,2025-02-07 16:50:44,confirmada
710,873,2025-03-09 02:42:35,cancelada
728,528,2025-03-21 07:58:21,activa
807,856,2025-02-26 18:07:30,activa
470,22,2025-02-19 20:50:15,cancelada
914,39,2025-02-09 16:10:42,confirmada
20,577,2025-02-06 05:03:48,activa
383,498,2025-02-19 10:17:37,cancelada
609,224,2025-01-11 06:57:23,cancelada
263,446,2025-03-19 17:59:12,confirmada
956,993,2025-03-01 16:12:43,confirmada
72,215,2025-01-09 05:34:07,activa
130,677,2025-03-28 12:56:46,confirmada
21,161,2025-01-03 18:57:41,cancelada
540,670,2025-02-25 07:50:59,cancelada
40,869,2025-03-06 06:51:59,cancelada
862,227,2025-01-22 07:12:11,activa
296,950,2025-01-06 16:18:00,activa
480,629,2025-03-30 04:00:14,cancelada
955,762,2025-01-24 13:53:18,confirmada
295,519,2025-03-17 12:02:39,activa
777,469,2025-01-13 19:57:33,activa
738,155,2025-03-15 21:24:14,cancelada
825,503,2025-02-01 15:22:42,activa
976,512,2025-03-03 17:12:40,activa
539,160,2025-02-24 21:40:34,cancelada
997,481,2025-01-12 15:22:49,cancelada
668,84,2025-01-31 05:21:53,confirmada
494,955,2025-02-09 06:03:15,cancelada
139,164,2025-03-29 15:57:03,activa
167,819,2025-02-15 00:22:49,activa
695,699,2025-01-04 15:13:29,cancelada
948,74,2025-01-20 08:55:16,confirmada
821,24,2025-03-26 01:53:58,cancelada
455,864,2025-03-14 10:22:30,cancelada
48,988,2025-03-07 19:29:12,cancelada
588,276,2025-02-05 09:46:35,confirmada
736,556,2025-03-05 00:31:14,activa
746,185,2025-01-12 19:00:43,confirmada
316,159,2025-02-27 03:49:50,confirmada
716,489,2025-01-14 05:26:56,confirmada
818,198,2025-01-21 05:47:14,confirmada
634,544,2025-03-20 03:53:30,cancelada
884,503,2025-03-09 22:57:13,confirmada
655,327,2025-01-15 19:33:40,confirmada
613,714,2025-02-20 16:56:46,activa
603,86,2025-01-06 19:48:30,confirmada
601,596,2025-03-01 13:20:51,cancelada
304,378,2025-03-18 12:47:41,activa
234,15,2025-03-08 17:41:27,cancelada
306,427,2025-01-01 17:33:27,confirmada
858,3,2025-01-21 14:36:42,activa
153,627,2025-03-05 12:31:17,cancelada
319,584,2025-02-05 04:59:53,cancelada
625,842,2025-02-04 13:24:07,cancelada
605,592,2025-02-26 00:51:20,cancelada
715,41,2025-02-14 13:59:25,confirmada
231,756,2025-02-06 21:02:45,confirmada
544,431,2025-03-02 19:59:01,confirmada
353,474,2025-03-24 22:38:03,activa
564,871,2025-02-22 07:09:49,activa
476,698,2025-04-03 11:13:23,confirmada
338,639,2025-03-25 05:12:14,cancelada
756,303,2025-03-25 09:52:24,confirmada
931,16,2025-01-28 13:22:27,cancelada
772,787,2025-03-21 18:27:14,activa
488,987,2025-03-27 14:49:36,confirmada
293,808,2025-02-08 09:20:10,confirmada
376,575,2025-03-18 10:09:11,cancelada
86,286,2025-03-27 03:23:23,activa
119,849,2025-03-14 11:19:38,cancelada
189,190,2025-03-08 08:24:05,cancelada
690,991,2025-02-07 00:27:03,cancelada
106,462,2025-02-14 17:58:58,activa
825,796,2025-03-04 22:12:21,cancelada
331,870,2025-04-02 12:19:36,confirmada
240,327,2025-03-28 21:19:17,confirmada
731,142,2025-01-06 03:55:44,activa
657,861,2025-02-13 05:00:50,confirmada
169,502,2025-01-08 06:20:58,cancelada
42,168,2025-03-20 19:00:31,cancelada
260,459,2025-02-07 03:38:27,cancelada
983,296,2025-03-19 09:14:13,cancelada
874,137,2025-02-12 07:20:54,cancelada
578,952,2025-02-16 11:22:17,confirmada
891,311,2025-03-25 21:20:23,cancelada
105,753,2025-01-17 01:57:22,activa
844,314,2025-03-29 22:39:56,cancelada
684,32,2025-01-09 04:42:47,confirmada
301,593,2025-03-29 23:23:24,confirmada
639,675,2025-01-07 09:17:54,cancelada
499,504,2025-01-03 13:06:53,confirmada
824,869,2025-04-04 02:53:55,confirmada
248,688,2025-03-10 22:36:10,activa
863,623,2025-02-22 16:46:26,confirmada
658,789,2025-01-24 15:46:46,cancelada
544,207,2025-03-28 01:37:36,activa
631,163,2025-02-02 02:52:12,activa
850,735,2025-01-11 07:08:53,activa
502,747,2025-01-09 07:09:57,activa
420,165,2025-02-24 06:49:12,activa
324,752,2025-03-29 22:23:52,cancelada
299,95,2025-03-13 22:35:56,activa
554,581,2025-01-26 22:58:41,confirmada
308,157,2025-01-29 08:39:47,activa
799,446,2025-03-04 01:38:56,confirmada
232,7,2025-03-24 07:57:21,activa
693,367,2025-03-25 17:35:28,confirmada
324,179,2025-02-01 08:03:21,confirmada
41,902,2025-03-23 22:43:06,activa
627,321,2025-02-10 07:48:15,activa
857,589,2025-02-09 05:16:34,cancelada
112,883,2025-02-09 11:00:04,confirmada
834,75,2025-04-01 08:47:15,cancelada
224,248,2025-01-07 05:30:02,activa
941,620,2025-02-17 22:50:23,cancelada
278,227,2025-03-13 09:09:21,activa
347,768,2025-02-02 11:53:12,cancelada
793,34,2025-02-09 01:46:32,cancelada
166,344,2025-03-29 00:22:43,activa
981,59,2025-02-04 01:38:35,confirmada
710,29,2025-01-15 03:20:50,confirmada
883,641,2025-01-22 22:35:28,activa
801,315,2025-02-24 04:13:38,activa
962,592,2025-02-25 22:42:55,cancelada
490,797,2025-01-27 07:48:28,activa
62,595,2025-02-12 02:41:08,confirmada
614,409,2025-03-23 20:27:10,confirmada
456,68,2025-01-06 11:45:47,cancelada
228,569,2025-02-13 09:50:16,confirmada
266,270,2025-03-29 06:35:32,confirmada
251,287,2025-03-19 03:53:50,cancelada
458,720,2025-02-01 08:47:59,confirmada
233,245,2025-03-27 23:21:25,cancelada
503,622,2025-03-30 05:35:02,activa
740,74,2025-02-21 09:51:34,confirmada
804,630,2025-03-13 22:23:51,confirmada
285,31,2025-01-17 09:26:06,confirmada
13,939,2025-03-27 13:37:05,activa
36,614,2025-02-21 22:56:45,activa
89,304,2025-01-04 08:50:49,cancelada
815,700,2025-01-11 01:33:37,confirmada
540,545,2025-03-14 21:10:57,confirmada
961,112,2025-03-21 20:04:30,confirmada
52,981,2025-01-24 13:15:40,cancelada
671,870,2025-01-11 14:37:33,activa
624,146,2025-03-30 18:06:20,cancelada
70,798,2025-01-12 22:09:30,confirmada
563,502,2025-02-01 23:04:54,activa
834,783,2025-01-20 02:07:07,confirmada
685,777,2025-03-06 05:21:27,confirmada
851,583,2025-02-09 18:06:53,cancelada
407,795,2025-02-23 15:43:56,activa
54,982,2025-01-01 06:44:46,confirmada
818,552,2025-02-06 15:45:11,confirmada
190,236,2025-03-07 06:18:13,activa
275,790,2025-01-06 03:03:49,confirmada
845,590,2025-02-25 07:13:42,activa
946,148,2025-03-16 23:06:10,cancelada
819,140,2025-01-30 14:59:29,cancelada
448,616,2025-01-15 09:34:51,confirmada
910,833,2025-02-04 18:06:47,activa
9,102,2025-02-11 15:44:51,cancelada
944,488,2025-03-09 18:21:11,confirmada
451,691,2025-02-09 15:15:48,confirmada
644,818,2025-02-18 04:04:47,activa
477,436,2025-02-06 13:55:23,cancelada
921,605,2025-01-01 06:45:15,confirmada
808,575,2025-01-24 08:31:44,cancelada
143,825,2025-02-02 04:00:16,cancelada
267,634,2025-01-18 17:17:29,confirmada
896,6,2025-01-28 02:51:53,cancelada
356,749,2025-02-22 16:07:33,confirmada
667,882,2025-03-28 05:02:30,cancelada
295,967,2025-03-01 01:36:12,activa
518,129,2025-01-08 14:15:03,cancelada
737,162,2025-01-14 15:00:58,cancelada
247,37,2025-01-02 05:39:54,cancelada
619,706,2025-01-20 05:35:53,confirmada
653,896,2025-01-10 03:57:33,activa
666,348,2025-01-16 16:34:57,activa
193,826,2025-01-30 03:04:52,activa
803,365,2025-01-17 12:25:25,cancelada
245,10,2025-02-17 01:36:35,cancelada
29,782,2025-03-15 12:41:24,activa
741,99,2025-02-18 23:06:28,confirmada
213,107,2025-01-20 19:19:51,confirmada
920,552,2025-03-26 09:49:49,cancelada
687,9,2025-03-29 17:59:54,cancelada
931,411,2025-02-19 03:32:18,activa
627,295,2025-03-10 18:24:19,cancelada
265,880,2025-03-03 18:58:12,cancelada
221,434,2025-03-04 10:06:00,cancelada
955,697,2025-01-21 04:44:07,activa
347,801,2025-02-26 12:50:56,cancelada
22,587,2025-01-21 03:59:20,confirmada
879,653,2025-03-21 08:59:57,confirmada
869,187,2025-03-14 01:59:23,confirmada
346,662,2025-03-12 23:59:24,cancelada
516,568,2025-02-06 23:52:15,confirmada
872,254,2025-01-15 15:45:06,cancelada
718,882,2025-04-04 16:04:26,activa
424,384,2025-01-28 17:47:04,cancelada
918,73,2025-01-25 11:13:27,activa
374,824,2025-02-02 02:11:22,activa
849,822,2025-03-20 00:27:24,cancelada
1002,256,2025-01-24 10:02:51,confirmada
239,610,2025-03-30 21:47:47,activa
415,532,2025-02-12 22:29:31,activa
963,678,2025-01-08 00:00:15,cancelada
398,32,2025-02-12 13:10:55,cancelada
420,126,2025-02-15 00:46:32,cancelada
698,920,2025-02-01 21:51:14,confirmada
788,9,2025-01-21 21:26:33,cancelada
94,713,2025-02-26 03:16:10,cancelada
865,515,2025-01-24 07:15:27,activa
621,107,2025-01-04 17:57:26,activa
607,167,2025-04-03 19:18:42,activa
464,471,2025-01-13 23:41:33,confirmada
982,722,2025-03-01 12:19:58,confirmada
134,959,2025-01-30 02:53:48,confirmada
898,89,2025-02-14 06:32:37,cancelada
956,896,2025-02-19 10:13:20,confirmada
136,412,2025-03-07 23:59:16,activa
304,230,2025-01-23 00:15:02,confirmada
752,729,2025-02-20 17:54:55,confirmada
666,450,2025-01-28 23:02:38,confirmada
766,270,2025-02-14 15:52:59,activa
805,579,2025-03-14 21:07:49,confirmada
853,541,2025-02-06 06:07:30,confirmada
61,155,2025-03-17 22:03:53,activa
788,199,2025-03-13 19:58:49,confirmada
339,734,2025-01-07 04:35:19,activa
972,59,2025-03-01 17:00:40,cancelada
856,283,2025-03-19 03:41:28,activa
859,12,2025-02-16 03:00:14,cancelada
356,967,2025-03-03 10:55:40,activa
721,240,2025-04-04 00:57:23,activa
318,382,2025-02-26 16:32:38,confirmada
864,413,2025-01-22 09:24:44,activa
53,139,2025-02-11 03:46:35,activa
330,392,2025-02-12 05:18:02,activa
102,183,2025-02-01 07:42:11,activa
763,225,2025-01-27 16:11:59,activa
509,206,2025-03-20 18:25:06,activa
234,127,2025-01-10 22:08:03,cancelada
588,750,2025-02-05 02:28:34,confirmada
399,589,2025-03-23 08:44:36,cancelada
400,520,2025-01-28 06:53:32,confirmada
642,830,2025-01-17 01:34:08,activa
56,167,2025-02-06 12:42:28,activa
951,54,2025-01-19 10:24:30,cancelada
693,166,2025-03-13 22:30:29,confirmada
268,658,2025-03-16 13:47:55,cancelada
206,868,2025-01-02 23:30:38,confirmada
181,549,2025-03-18 07:14:40,confirmada
199,995,2025-03-31 19:32:02,activa
415,433,2025-03-26 15:49:04,confirmada
794,270,2025-01-12 06:31:34,activa
992,756,2025-02-11 20:32:07,cancelada
428,355,2025-03-11 21:48:12,cancelada
964,496,2025-01-19 15:27:41,cancelada
360,848,2025-03-01 15:10:33,activa
216,486,2025-01-23 08:08:08,cancelada
471,545,2025-03-19 06:33:28,confirmada
1003,813,2025-03-11 05:31:35,cancelada
535,286,2025-01-17 20:08:09,confirmada
883,229,2025-01-01 20:03:00,activa
107,899,2025-01-26 11:41:05,activa
535,101,2025-04-03 17:28:39,confirmada
242,302,2025-03-14 23:49:52,cancelada
692,980,2025-02-15 03:06:20,confirmada
663,586,2025-03-11 01:47:56,cancelada
187,795,2025-03-05 07:03:03,confirmada
246,422,2025-03-23 06:15:46,cancelada
55,396,2025-03-28 09:20:07,cancelada
6,428,2025-03-09 15:28:20,confirmada
891,979,2025-02-09 10:48:52,confirmada
153,566,2025-02-16 08:15:05,confirmada
399,270,2025-02-05 18:58:49,confirmada
682,275,2025-03-17 11:01:37,cancelada
402,773,2025-03-28 01:06:37,cancelada
478,54,2025-03-13 09:42:03,confirmada
800,423,2025-01-30 04:51:33,cancelada
275,40,2025-03-01 00:25:52,confirmada
705,573,2025-02-01 13:47:37,cancelada
965,616,2025-04-02 03:13:25,confirmada
186,736,2025-01-19 06:10:53,activa
30,619,2025-02-04 01:40:34,activa
978,221,2025-03-05 02:02:19,confirmada
842,808,2025-01-28 16:51:48,cancelada
153,172,2025-02-23 06:49:52,confirmada
858,307,2025-02-27 09:48:09,cancelada
165,65,2025-02-02 09:56:57,activa
38,703,2025-01-23 23:43:07,cancelada
373,793,2025-04-02 21:47:35,confirmada
224,584,2025-02-26 05:17:46,cancelada
45,580,2025-01-06 19:32:28,confirmada
945,749,2025-03-23 08:46:52,activa
891,566,2025-02-03 22:54:41,cancelada
784,549,2025-02-24 22:32:19,cancelada
310,975,2025-01-17 09:52:21,confirmada
25,495,2025-02-02 13:07:34,confirmada
211,258,2025-01-06 17:11:48,confirmada
798,880,2025-03-13 00:26:44,cancelada
358,750,2025-01-10 22:07:35,cancelada
234,689,2025-02-02 22:51:29,activa
550,402,2025-01-17 02:32:22,cancelada
197,234,2025-03-06 13:49:59,cancelada
781,429,2025-03-23 12:56:25,confirmada
957,651,2025-01-05 18:54:36,activa
544,634,2025-01-13 00:05:03,confirmada
674,191,2025-03-12 16:07:38,activa
483,710,2025-01-03 02:23:44,activa
633,227,2025-03-25 17:05:39,cancelada
953,704,2025-03-31 07:09:36,confirmada
136,664,2025-02-09 14:18:38,confirmada
223,563,2025-03-31 05:32:03,confirmada
392,271,2025-01-28 23:21:17,cancelada
976,697,2025-02-02 05:16:21,confirmada
999,389,2025-03-09 19:40:03,cancelada
322,523,2025-01-17 08:34:52,activa
461,385,2025-03-02 16:33:41,confirmada
166,587,2025-03-20 09:22:27,confirmada
156,149,2025-01-09 18:49:15,confirmada
329,288,2025-03-05 13:12:48,confirmada
766,908,2025-03-29 06:27:14,activa
380,646,2025-03-08 01:45:16,confirmada
742,522,2025-01-03 00:13:55,cancelada
398,538,2025-01-02 13:20:01,activa
553,307,2025-01-23 13:27:07,cancelada
390,963,2025-01-14 19:56:27,activa
103,532,2025-01-08 06:19:07,activa
330,200,2025-02-03 23:13:26,confirmada
437,941,2025-04-01 08:14:37,confirmada
710,260,2025-01-29 14:14:41,confirmada
910,295,2025-02-10 14:48:17,activa
836,439,2025-01-11 16:11:50,activa
321,105,2025-02-11 18:36:49,activa
605,295,2025-02-16 15:55:15,cancelada
262,699,2025-01-22 19:00:21,cancelada
560,402,2025-01-06 17:27:59,activa
743,631,2025-04-04 20:36:12,cancelada
626,480,2025-01-18 15:50:11,activa
440,775,2025-02-17 10:16:43,cancelada
526,824,2025-03-24 20:10:34,cancelada
13,788,2025-01-27 16:46:40,cancelada
497,914,2025-02-21 02:48:41,cancelada
297,225,2025-02-05 20:08:19,activa
242,581,2025-01-09 18:53:38,cancelada
309,347,2025-02-20 09:53:57,confirmada
568,388,2025-03-07 18:16:17,confirmada
677,36,2025-03-22 15:39:32,activa
817,809,2025-03-30 17:35:31,cancelada
273,604,2025-03-07 03:53:24,activa
780,778,2025-03-10 11:28:58,activa
944,668,2025-03-31 21:50:05,cancelada
59,429,2025-02-24 01:42:10,activa
218,33,2025-02-22 09:46:44,cancelada
707,274,2025-01-17 18:01:54,cancelada
883,303,2025-03-31 03:24:10,activa
552,347,2025-02-13 19:13:29,activa
585,875,2025-02-05 03:17:45,cancelada
611,448,2025-02-24 23:35:53,cancelada
261,78,2025-01-16 16:42:42,activa
705,359,2025-01-17 15:05:30,confirmada
111,796,2025-01-19 09:47:26,activa
474,477,2025-01-28 23:21:54,activa
884,521,2025-02-17 07:58:58,confirmada
970,318,2025-03-06 00:55:40,confirmada
698,902,2025-03-25 07:51:47,activa
357,321,2025-04-04 08:58:57,activa
85,642,2025-01-05 10:23:04,cancelada
943,266,2025-01-19 05:09:53,cancelada
338,807,2025-01-24 02:33:24,cancelada
194,421,2025-02-09 11:26:23,confirmada
42,17,2025-03-01 23:23:32,confirmada
172,235,2025-01-18 01:52:29,confirmada
98,501,2025-01-21 11:16:47,cancelada
149,255,2025-03-16 07:53:45,confirmada
221,795,2025-02-25 14:21:30,confirmada
7,894,2025-01-31 21:08:12,activa
472,60,2025-01-24 19:40:27,activa
842,916,2025-01-23 08:45:39,cancelada
582,944,2025-03-19 00:18:08,activa
987,671,2025-03-13 02:20:37,cancelada
495,56,2025-01-24 23:13:38,activa
458,795,2025-01-13 10:51:40,cancelada
964,116,2025-02-07 10:19:10,activa
531,850,2025-02-22 19:53:11,activa
370,788,2025-01-31 01:11:38,confirmada
204,436,2025-03-12 11:45:41,cancelada
936,796,2025-03-06 02:26:57,confirmada
328,259,2025-03-13 20:41:48,activa
921,710,2025-02-03 10:49:12,cancelada
24,769,2025-03-04 20:53:11,confirmada
980,32,2025-02-19 18:02:17,activa
232,953,2025-01-25 01:09:22,cancelada
497,11,2025-02-22 00:34:34,cancelada
41,511,2025-03-13 18:29:21,cancelada
347,758,2025-03-07 11:16:09,activa
678,824,2025-04-03 07:06:11,confirmada
430,808,2025-01-10 03:41:36,confirmada
69,624,2025-01-22 00:46:40,confirmada
158,427,2025-03-04 10:39:55,activa
329,640,2025-01-29 03:17:32,cancelada
971,137,2025-03-03 04:37:37,cancelada
726,371,2025-03-12 11:38:05,cancelada
329,445,2025-01-12 17:11:23,cancelada
1001,325,2025-03-08 06:45:19,confirmada
823,492,2025-01-14 13:41:16,activa
877,657,2025-04-02 11:42:40,cancelada
114,46,2025-03-08 01:05:26,cancelada
393,208,2025-03-19 18:19:00,activa
825,855,2025-03-25 15:07:06,activa
284,467,2025-02-06 19:48:08,activa
616,594,2025-01-31 08:41:45,confirmada
809,109,2025-01-05 14:59:29,confirmada
143,8,2025-01-04 05:43:30,activa
771,161,2025-03-03 22:19:41,cancelada
643,458,2025-01-02 19:41:44,confirmada
189,802,2025-02-05 11:56:37,activa
117,669,2025-01-04 11:17:46,confirmada
535,965,2025-02-20 22:09:46,confirmada
262,39,2025-03-27 09:29:45,cancelada
627,187,2025-02-11 17:07:30,confirmada
33,791,2025-02-26 23:04:59,confirmada
92,795,2025-03-25 19:48:09,activa
997,191,2025-02-12 10:36:23,cancelada
397,542,2025-02-17 22:44:58,cancelada
121,21,2025-02-14 21:37:15,activa
932,686,2025-03-21 22:47:38,cancelada
659,146,2025-03-03 19:03:53,activa
35,29,2025-03-16 11:31:29,activa
918,975,2025-01-11 07:38:12,activa
